"DESCRIPTION","DURATION IN MS","NAME","PARENT SUITE","START TIME","STATUS","STOP TIME","SUB SUITE","SUITE","TEST CLASS","TEST METHOD"
"","488","noTokenProvided","Security Check Automation Suite","2025-12-09","passed","2025-12-09","test_Cases.PickupSecurityTest","Pickup Suite","test_Cases.PickupSecurityTest","noTokenProvided"
"","596","invalidTokenProvidedTest","Security Check Automation Suite","2025-12-09","passed","2025-12-09","test_Cases.BankInfoSecurityTest","Bank Info Suite","test_Cases.BankInfoSecurityTest","invalidTokenProvidedTest"
"","1262","validEmail","Security Check Automation Suite","2025-12-09","passed","2025-12-09","test_Cases.ForgetPasswordSecurityTest","Forget Password Suite","test_Cases.ForgetPasswordSecurityTest","validEmail"
"","1292","missingFieldsTest","Security Check Automation Suite","2025-12-09","passed","2025-12-09","test_Cases.BankInfoSecurityTest","Bank Info Suite","test_Cases.BankInfoSecurityTest","missingFieldsTest"
"","453","expiredTokenProvided","Security Check Automation Suite","2025-12-09","passed","2025-12-09","test_Cases.PickupSecurityTest","Pickup Suite","test_Cases.PickupSecurityTest","expiredTokenProvided"
"","1217","veryLongEmailInput","Security Check Automation Suite","2025-12-09","passed","2025-12-09","test_Cases.ForgetPasswordSecurityTest","Forget Password Suite","test_Cases.ForgetPasswordSecurityTest","veryLongEmailInput"
"","17651","checkRateLimit","Security Check Automation Suite","2025-12-09","failed","2025-12-09","test_Cases.ForgetPasswordSecurityTest","Forget Password Suite","test_Cases.ForgetPasswordSecurityTest","checkRateLimit"
"","439","expiredTokenProvidedTest","Security Check Automation Suite","2025-12-09","passed","2025-12-09","test_Cases.BankInfoSecurityTest","Bank Info Suite","test_Cases.BankInfoSecurityTest","expiredTokenProvidedTest"
"","750","noTokenProvided","Security Check Automation Suite","2025-12-09","failed","2025-12-09","test_Cases.ForgetPasswordSecurityTest","Forget Password Suite","test_Cases.ForgetPasswordSecurityTest","noTokenProvided"
"","520","noTokenProvidedTest","Security Check Automation Suite","2025-12-09","passed","2025-12-09","test_Cases.BankInfoSecurityTest","Bank Info Suite","test_Cases.BankInfoSecurityTest","noTokenProvidedTest"
"","1293","xssInjectionAttempt","Security Check Automation Suite","2025-12-09","failed","2025-12-09","test_Cases.PickupSecurityTest","Pickup Suite","test_Cases.PickupSecurityTest","xssInjectionAttempt"
"","952","sqlInjectionAttempt","Security Check Automation Suite","2025-12-09","passed","2025-12-09","test_Cases.ForgetPasswordSecurityTest","Forget Password Suite","test_Cases.ForgetPasswordSecurityTest","sqlInjectionAttempt"
"","1273","validPickup","Security Check Automation Suite","2025-12-09","passed","2025-12-09","test_Cases.PickupSecurityTest","Pickup Suite","test_Cases.PickupSecurityTest","validPickup"
"","1300","invalidEmail","Security Check Automation Suite","2025-12-09","passed","2025-12-09","test_Cases.PickupSecurityTest","Pickup Suite","test_Cases.PickupSecurityTest","invalidEmail"
"","457","invalidTokenProvided","Security Check Automation Suite","2025-12-09","passed","2025-12-09","test_Cases.PickupSecurityTest","Pickup Suite","test_Cases.PickupSecurityTest","invalidTokenProvided"
"","7535","invalidEmailFormat","Security Check Automation Suite","2025-12-09","failed","2025-12-09","test_Cases.ForgetPasswordSecurityTest","Forget Password Suite","test_Cases.ForgetPasswordSecurityTest","invalidEmailFormat"
"","14537","checkRateLimit","Security Check Automation Suite","2025-12-09","failed","2025-12-09","test_Cases.BankInfoSecurityTest","Bank Info Suite","test_Cases.BankInfoSecurityTest","checkRateLimit"
"","1533","xssTest","Security Check Automation Suite","2025-12-09","passed","2025-12-09","test_Cases.BankInfoSecurityTest","Bank Info Suite","test_Cases.BankInfoSecurityTest","xssTest"
"","1408","longNameOverflow","Security Check Automation Suite","2025-12-09","passed","2025-12-09","test_Cases.PickupSecurityTest","Pickup Suite","test_Cases.PickupSecurityTest","longNameOverflow"
"","1121","xssInjectionAttempt","Security Check Automation Suite","2025-12-09","failed","2025-12-09","test_Cases.ForgetPasswordSecurityTest","Forget Password Suite","test_Cases.ForgetPasswordSecurityTest","xssInjectionAttempt"
"","1316","sqlInjectionTest","Security Check Automation Suite","2025-12-09","passed","2025-12-09","test_Cases.BankInfoSecurityTest","Bank Info Suite","test_Cases.BankInfoSecurityTest","sqlInjectionTest"
"","29203","rateLimitTest","Security Check Automation Suite","2025-12-09","failed","2025-12-09","test_Cases.PickupSecurityTest","Pickup Suite","test_Cases.PickupSecurityTest","rateLimitTest"
"","1318","validBankInfo","Security Check Automation Suite","2025-12-09","failed","2025-12-09","test_Cases.BankInfoSecurityTest","Bank Info Suite","test_Cases.BankInfoSecurityTest","validBankInfo"
"","1039","sqlInjectionAttempt","Security Check Automation Suite","2025-12-09","passed","2025-12-09","test_Cases.PickupSecurityTest","Pickup Suite","test_Cases.PickupSecurityTest","sqlInjectionAttempt"
"","1262","longInputTest","Security Check Automation Suite","2025-12-09","passed","2025-12-09","test_Cases.BankInfoSecurityTest","Bank Info Suite","test_Cases.BankInfoSecurityTest","longInputTest"
"","219","invalidTokenProvided","Security Check Automation Suite","2025-12-09","broken","2025-12-09","test_Cases.ForgetPasswordSecurityTest","Forget Password Suite","test_Cases.ForgetPasswordSecurityTest","invalidTokenProvided"
